Subject,Total,Adoption-Rate,Discarded-Trials,Selected-Trials,Easy,Hard,Hard - Feedback,Hard - Silence,Easy - Feedback,Easy - Silence
s01,7,0.571428571,3,4,1,3,2,1,0,1
s02,6,0.833333333,1,5,2,3,2,1,1,1
s03,10,0.8,2,8,3,5,3,2,1,2
s04,7,0.857142857,1,6,2,4,2,2,1,1
s05,13,0.538461538,6,7,2,5,2,3,1,1
s06,8,0.875,1,7,3,4,2,2,1,2
s07,10,1,0,10,3,7,4,3,1,2
s08,11,1,0,11,5,6,3,3,2,3
s09,11,0.909090909,1,10,5,5,3,2,2,3
s10,11,1,0,11,4,7,3,4,2,2
